Workbook

Sheet Sheet1
A3: Count of ICAO24 Hex | B3: Column Labels
A4: Row Labels | B4: 46289 | C4: 46290 | D4: 46291 | E4: Grand Total
A5: N2016J | B5: 2 | C5: 1 | D5: 3 | E5: 6
A6: N2017J | B6: 2 | C6: 1 | D6: 3 | E6: 6
A7: N2029J | B7: 1 | C7: 3 | D7: 1 | E7: 5
A8: N2038J | B8: 3 | C8: 2 | D8: 1 | E8: 6
A9: N2039J | B9: 4 | C9: 2 | E9: 6
A10: N2043J | B10: 1 | C10: 3 | D10: 2 | E10: 6
A11: N2044J | B11: 3 | C11: 2 | D11: 1 | E11: 6
A12: N2047J | B12: 3 | C12: 2 | D12: 1 | E12: 6
A13: N2048J | B13: 3 | C13: 1 | D13: 3 | E13: 7
A14: N2084J | B14: 1 | C14: 1 | D14: 2 | E14: 4
A15: N2086J | C15: 3 | D15: 3 | E15: 6
A16: N2142J | B16: 3 | C16: 3 | D16: 1 | E16: 7
A17: N2151J | C17: 3 | D17: 1 | E17: 4
A18: N2156J | B18: 3 | C18: 1 | D18: 3 | E18: 7
A19: N2157J | B19: 2 | C19: 2 | D19: 1 | E19: 5
A20: N2165J | B20: 2 | C20: 3 | D20: 3 | E20: 8
A21: N2169J | B21: 1 | C21: 2 | D21: 2 | E21: 5
A22: N2180J | B22: 1 | C22: 3 | D22: 2 | E22: 6
A23: N2188J | B23: 2 | D23: 3 | E23: 5
A24: N2193J | C24: 2 | D24: 2 | E24: 4
A25: N2199J | B25: 3 | C25: 3 | D25: 2 | E25: 8
A26: N2205J | B26: 3 | C26: 2 | D26: 2 | E26: 7
A27: N3023J | B27: 4 | C27: 5 | E27: 9
A28: N3044J | B28: 1 | C28: 1 | D28: 4 | E28: 6
A29: N3058J | B29: 2 | C29: 4 | D29: 4 | E29: 10
A30: N3062J | C30: 2 | D30: 2 | E30: 4
A31: N3065J | B31: 4 | C31: 4 | D31: 4 | E31: 12
A32: N3077J | B32: 5 | C32: 5 | D32: 5 | E32: 15
A33: N3085J | B33: 4 | C33: 4 | D33: 2 | E33: 10
A34: N3102J | B34: 2 | C34: 4 | D34: 3 | E34: 9
A35: N3104J | B35: 3 | C35: 1 | D35: 3 | E35: 7
A36: N3112J | B36: 4 | C36: 3 | D36: 3 | E36: 10
A37: N3113J | B37: 4 | C37: 4 | D37: 5 | E37: 13
A38: N3115J | B38: 4 | C38: 2 | D38: 5 | E38: 11
A39: N3118J | B39: 4 | C39: 4 | D39: 3 | E39: 11
A40: N3121J | B40: 4 | C40: 4 | D40: 4 | E40: 12
A41: N3123J | B41: 1 | C41: 5 | D41: 4 | E41: 10
A42: N3125J | B42: 4 | C42: 3 | D42: 4 | E42: 11
A43: N3132J | C43: 1 | D43: 3 | E43: 4
A44: N3138J | B44: 5 | C44: 5 | E44: 10
A45: N3139J | B45: 6 | D45: 2 | E45: 8
A46: N3142J | B46: 3 | C46: 5 | D46: 3 | E46: 11
A47: N3145J | B47: 4 | C47: 4 | D47: 2 | E47: 10
A48: N3149J | B48: 4 | C48: 1 | D48: 3 | E48: 8
A49: N3152J | B49: 4 | C49: 3 | D49: 6 | E49: 13
A50: N3157J | B50: 2 | C50: 6 | D50: 3 | E50: 11
A51: N3162J | B51: 5 | C51: 4 | D51: 5 | E51: 14
A52: N3169J | B52: 5 | E52: 5
A53: N3185J | C53: 1 | D53: 4 | E53: 5
A54: N3189J | B54: 2 | C54: 4 | D54: 4 | E54: 10
A55: N3194J | B55: 5 | C55: 6 | D55: 2 | E55: 13
A56: N3195J | B56: 4 | C56: 6 | D56: 1 | E56: 11
A57: N3196J | B57: 4 | C57: 5 | D57: 3 | E57: 12
A58: N3203J | C58: 4 | D58: 1 | E58: 5
A59: N3215J | C59: 5 | D59: 3 | E59: 8
A60: N3221J | B60: 5 | C60: 5 | D60: 3 | E60: 13
A61: N3229J | B61: 4 | C61: 2 | D61: 4 | E61: 10
A62: N3232J | B62: 4 | C62: 5 | D62: 1 | E62: 10
A63: N3240J | C63: 3 | D63: 3 | E63: 6
A64: N3241J | B64: 5 | C64: 5 | D64: 4 | E64: 14
A65: N3242J | B65: 4 | C65: 5 | E65: 9
A66: N3244J | B66: 4 | C66: 2 | D66: 3 | E66: 9
A67: N3251J | B67: 3 | C67: 3 | D67: 3 | E67: 9
A68: N3255J | B68: 3 | C68: 2 | D68: 4 | E68: 9
A69: N3258J | B69: 4 | C69: 1 | D69: 2 | E69: 7
A70: N3260J | B70: 5 | C70: 4 | D70: 3 | E70: 12
A71: N3261J | C71: 4 | D71: 2 | E71: 6
A72: N3267J | B72: 5 | C72: 6 | E72: 11
A73: N3269J | B73: 5 | C73: 5 | D73: 5 | E73: 15
A74: N3271J | B74: 3 | C74: 4 | D74: 5 | E74: 12
A75: N3272J | B75: 3 | C75: 2 | D75: 2 | E75: 7
A76: N3275J | B76: 1 | C76: 5 | D76: 2 | E76: 8
A77: N3276J | B77: 4 | C77: 2 | D77: 4 | E77: 10
A78: N3280J | B78: 4 | C78: 4 | D78: 4 | E78: 12
A79: N3284J | B79: 3 | C79: 1 | D79: 3 | E79: 7
A80: N3289J | B80: 5 | C80: 4 | D80: 3 | E80: 12
A81: N3291J | B81: 2 | C81: 5 | D81: 4 | E81: 11
A82: N3293J | B82: 4 | D82: 3 | E82: 7
A83: N3296J | B83: 3 | C83: 5 | D83: 1 | E83: 9
A84: N3298J | B84: 5 | C84: 3 | E84: 8
A85: N3304J | B85: 3 | C85: 3 | D85: 5 | E85: 11
A86: N3307J | B86: 3 | C86: 3 | D86: 4 | E86: 10
A87: N3308J | B87: 3 | C87: 3 | D87: 5 | E87: 11
A88: N3310J | B88: 31 | C88: 4 | D88: 139 | E88: 174
A89: N3322J | B89: 5 | C89: 5 | D89: 3 | E89: 13
A90: N4022J | B90: 1 | C90: 1 | D90: 3 | E90: 5
A91: N4048J | B91: 2 | D91: 3 | E91: 5
A92: N4058J | B92: 2 | C92: 1 | D92: 1 | E92: 4
A93: N4062J | B93: 3 | C93: 1 | E93: 4
A94: N4064J | B94: 2 | C94: 3 | D94: 1 | E94: 6
A95: N4073J | B95: 3 | C95: 2 | D95: 1 | E95: 6
A96: N4074J | B96: 3 | C96: 2 | D96: 2 | E96: 7
A97: N4076J | B97: 2 | C97: 2 | D97: 2 | E97: 6
A98: N4077J | B98: 1 | C98: 2 | D98: 2 | E98: 5
A99: N4080J | B99: 2 | C99: 2 | D99: 3 | E99: 7
A100: N4083J | B100: 2 | C100: 2 | D100: 3 | E100: 7
A101: N505JB | B101: 2 | C101: 2 | E101: 4
A102: N508JL | B102: 3 | C102: 4 | D102: 4 | E102: 11
...

Sheet Flights
A1: Date (UTC) | B1: Flight No | C1: Callsign | D1: Origin | E1: Origin ICAO | F1: Destination | G1: Dest ICAO | H1: Departure (UTC) | I1: Arrival (UTC) | J1: Duration (min) | K1: Tail Number | L1: Aircraft Type | M1: ICAO Type | N1: Status | O1: ICAO24 Hex
A2: 46289 | B2: B6 2725 | C2: JBU2725 | D2: JFK | E2: KJFK | F2: TPA | G2: KTPA | H2: 46289 | I2: 46289.099 | J2: =ROUND((I2-H2)*1440,0) -> 143 | K2: N965JT | L2: A321 | M2: A321 | N2: Complete | O2: ad6f93
A3: 46289 | B3: B6 397 | C3: JBU397 | D3: BOS | E3: KBOS | F3: SEA | G3: KSEA | H3: 46289 | I3: 46289.235 | J3: =ROUND((I3-H3)*1440,0) -> 338 | K3: N971JT | L3: A321 | M3: A321 | N3: Complete | O3: ad8836
A4: 46289 | B4: B6 882 | C4: JBU882 | F4: JFK | G4: KJFK | H4: 46289.005 | I4: 46289.04 | J4: =ROUND((I4-H4)*1440,0) -> 50 | K4: N656JB | L4: A320 | M4: A320 | N4: Complete | O4: a8a3ce
A5: 46289 | B5: B6 1407 | C5: JBU1407 | D5: JFK | E5: KJFK | F5: CDG | G5: LFPG | H5: 46289.007 | I5: 46289.284 | J5: =ROUND((I5-H5)*1440,0) -> 399 | K5: N4073J | L5: A321neo | M5: A21N | N5: Landing inferred | O5: a4c96c
A6: 46289 | B6: B6 1860 | C6: JBU1860 | D6: PHL | E6: KPHL | F6: BOS | G6: KBOS | H6: 46289.008 | I6: 46289.044 | J6: =ROUND((I6-H6)*1440,0) -> 52 | K6: N3289J | L6: Unknown | N6: Complete | O6: a38fa4
A7: 46289 | B7: B6 706 | C7: JBU706 | D7: FLL | E7: KFLL | F7: EWR | G7: KEWR | H7: 46289.012 | I7: 46289.11 | J7: =ROUND((I7-H7)*1440,0) -> 140 | K7: N645JB | L7: A320 | M7: A320 | N7: Complete | O7: a87898
A8: 46289 | B8: B6 2018 | C8: JBU2018 | F8: JFK | G8: KJFK | H8: 46289.013 | I8: 46289.051 | J8: =ROUND((I8-H8)*1440,0) -> 54 | K8: N2038J | L8: A321neo | M8: A21N | N8: Complete | O8: a1a0a1
A9: 46289 | B9: B6 2144 | C9: JBU2144 | D9: DJT | E9: KPBI | F9: EWR | G9: KEWR | H9: 46289.014 | I9: 46289.108 | J9: =ROUND((I9-H9)*1440,0) -> 135 | K9: N535JB | L9: A320 | M9: A320 | N9: Complete | O9: a6c3ca
A10: 46289 | B10: B6 2994 | C10: JBU2994 | D10: FLL | E10: KFLL | F10: BWI | G10: KBWI | H10: 46289.014 | I10: 46289.1 | J10: =ROUND((I10-H10)*1440,0) -> 123 | K10: N3145J | L10: A220-300 | M10: BCS3 | N10: Complete | O10: a358bd
A11: 46289 | B11: B6 1694 | C11: JBU1694 | D11: MCO | E11: KMCO | F11: HPN | G11: KHPN | H11: 46289.014 | I11: 46289.098 | J11: =ROUND((I11-H11)*1440,0) -> 121 | K11: N627JB | L11: A320 | M11: A320 | N11: Landing inferred | O11: a83108
A12: 46289 | B12: B6 560 | C12: JBU560 | D12: PHL | E12: KPHL | F12: BOS | G12: KBOS | H12: 46289.018 | I12: 46289.056 | J12: =ROUND((I12-H12)*1440,0) -> 56 | K12: N3194J | L12: A220-300 | M12: BCS3 | N12: Complete | O12: a36b2d
A13: 46289 | B13: B6 1486 | C13: JBU1486 | D13: RDU | E13: KRDU | F13: JFK | G13: KJFK | H13: 46289.022 | I13: 46289.07 | J13: =ROUND((I13-H13)*1440,0) -> 69 | K13: N3267J | L13: A220-300 | M13: BCS3 | N13: Complete | O13: a387f0
A14: 46289 | B14: B6 810 | C14: JBU810 | D14: JAX | E14: KJAX | F14: BOS | G14: KBOS | H14: 46289.023 | I14: 46289.109 | J14: =ROUND((I14-H14)*1440,0) -> 123 | K14: N623JB | L14: A320 | M14: A320 | N14: Complete | O14: a8222c
A15: 46289 | B15: B6 2581 | C15: JBU2581 | D15: FLL | E15: KFLL | F15: BNA | G15: KBNA | H15: 46289.023 | I15: 46289.104 | J15: =ROUND((I15-H15)*1440,0) -> 116 | K15: N651JB | L15: A320 | M15: A320 | N15: Complete | O15: a8913b
A16: 46289 | B16: B6 2626 | C16: JBU2626 | D16: FLL | E16: KFLL | F16: RDU | G16: KRDU | H16: 46289.025 | I16: 46289.091 | J16: =ROUND((I16-H16)*1440,0) -> 96 | K16: N766JB | L16: A320 | M16: A320 | N16: Complete | O16: aa589c
A17: 46289 | B17: B6 8457 | C17: JBU8457 | D17: ISP | E17: KISP | F17: JFK | G17: KJFK | H17: 46289.025 | I17: 46289.042 | J17: =ROUND((I17-H17)*1440,0) -> 25 | K17: N585JB | L17: A320 | M17: A320 | N17: Complete | O17: a78945
A18: 46289 | B18: B6 277 | C18: JBU277 | D18: FLL | E18: KFLL | F18: SFO | G18: KSFO | H18: 46289.026 | I18: 46289.258 | J18: =ROUND((I18-H18)*1440,0) -> 334 | K18: N968JT | L18: A321 | M18: A321 | N18: Complete | O18: ad7ab8
A19: 46289 | B19: B6 2279 | C19: JBU2279 | D19: FLL | E19: KFLL | F19: DFW | G19: KDFW | H19: 46289.027 | I19: 46289.138 | J19: =ROUND((I19-H19)*1440,0) -> 161 | K19: N527JL | L19: A320 | M19: A320 | N19: Complete | O19: a6a3c2
A20: 46289 | B20: B6 2134 | C20: JBU2134 | F20: MCO | G20: KMCO | H20: 46289.027 | I20: 46289.058 | J20: =ROUND((I20-H20)*1440,0) -> 45 | K20: N523JB | L20: A320 | M20: A320 | N20: Complete | O20: a694dd
A21: 46289 | B21: B6 2322 | C21: JBU2322 | D21: DJT | E21: KPBI | F21: BOS | G21: KBOS | H21: 46289.028 | I21: 46289.132 | J21: =ROUND((I21-H21)*1440,0) -> 149 | K21: N605JB | L21: A320 | M21: A320 | N21: Complete | O21: a7da9c
A22: 46289 | B22: B6 2271 | C22: JBU2271 | D22: FLL | E22: KFLL | F22: AUS | G22: KAUS | H22: 46289.028 | I22: 46289.136 | J22: =ROUND((I22-H22)*1440,0) -> 155 | K22: N597JB | L22: A320 | M22: A320 | N22: Complete | O22: a7b832
A23: 46289 | B23: B6 1136 | C23: JBU1136 | D23: DTW | E23: KDTW | F23: BOS | G23: KBOS | H23: 46289.029 | I23: 46289.096 | J23: =ROUND((I23-H23)*1440,0) -> 97 | K23: N703JB | L23: A320 | M23: A320 | N23: Complete | O23: a9607d
A24: 46289 | B24: B6 2290 | C24: JBU2290 | D24: FLL | E24: KFLL | F24: DTW | G24: KDTW | H24: 46289.029 | I24: 46289.127 | J24: =ROUND((I24-H24)*1440,0) -> 141 | K24: N568JB | L24: A320 | M24: A320 | N24: Complete | O24: a7456c
A25: 46289 | B25: B6 2754 | C25: JBU2754 | D25: DCA | E25: KDCA | F25: BOS | G25: KBOS | H25: 46289.03 | I25: 46289.074 | J25: =ROUND((I25-H25)*1440,0) -> 63 | K25: N3115J | L25: A220-300 | M25: BCS3 | N25: Complete | O25: a34d98
A26: 46289 | B26: B6 514 | C26: JBU514 | D26: FLL | E26: KFLL | F26: ISP | G26: KISP | H26: 46289.03 | I26: 46289.125 | J26: =ROUND((I26-H26)*1440,0) -> 137 | K26: N554JB | L26: A320 | M26: A320 | N26: Landing inferred | O26: a70f11
A27: 46289 | B27: B6 1948 | C27: JBU1948 | D27: FLL | E27: KFLL | F27: MCO | G27: KMCO | H27: 46289.032 | I27: 46289.054 | J27: =ROUND((I27-H27)*1440,0) -> 33 | K27: N625JB | L27: A320 | M27: A320 | N27: Complete | O27: a8299a
A28: 46289 | B28: B6 1196 | C28: JBU1196 | D28: FLL | E28: KFLL | F28: PVD | G28: KPVD | H28: 46289.033 | I28: 46289.134 | J28: =ROUND((I28-H28)*1440,0) -> 146 | K28: N516JB | L28: A320 | M28: A320 | N28: Complete | O28: a67883
A29: 46289 | B29: B6 528 | C29: JBU528 | F29: JFK | G29: KJFK | H29: 46289.033 | I29: 46289.175 | J29: =ROUND((I29-H29)*1440,0) -> 205 | K29: N2048J | L29: A321neo | M29: A21N | N29: Complete | O29: a1a458
A30: 46289 | B30: B6 719 | C30: JBU719 | D30: JFK | E30: KJFK | F30: ATL | G30: KATL | H30: 46289.034 | I30: 46289.11 | J30: =ROUND((I30-H30)*1440,0) -> 109 | K30: N3244J | L30: A220-300 | M30: BCS3 | N30: Complete | O30: a38019
A31: 46289 | B31: B6 251 | C31: JBU251 | D31: BOS | E31: KBOS | F31: MCO | G31: KMCO | H31: 46289.035 | I31: 46289.15 | J31: =ROUND((I31-H31)*1440,0) -> 165 | K31: N957JB | L31: A321 | M31: A321 | N31: Complete | O31: ad4f72
A32: 46289 | B32: B6 1905 | C32: JBU1905 | D32: FLL | E32: KFLL | F32: TPA | G32: KTPA | H32: 46289.036 | I32: 46289.062 | J32: =ROUND((I32-H32)*1440,0) -> 38 | K32: N821JB | L32: A320 | M32: A320 | N32: Complete | O32: ab355c
A33: 46289 | B33: B6 1146 | C33: JBU1146 | D33: FLL | E33: KFLL | F33: RIC | G33: KRIC | H33: 46289.037 | I33: 46289.111 | J33: =ROUND((I33-H33)*1440,0) -> 107 | K33: N663JB | L33: A320 | M33: A320 | N33: Landing inferred | O33: a8c028
A34: 46289 | B34: B6 31 | C34: JBU31 | D34: BOS | E34: KBOS | F34: AMS | G34: EHAM | H34: 46289.038 | I34: 46289.298 | J34: =ROUND((I34-H34)*1440,0) -> 375 | K34: N4064J | L34: A321neo | M34: A21N | N34: Complete | O34: a4c5d8
A35: 46289 | B35: B6 572 | C35: JBU572 | D35: FLL | E35: KFLL | F35: LGA | G35: KLGA | H35: 46289.038 | I35: 46289.137 | J35: =ROUND((I35-H35)*1440,0) -> 143 | K35: N584JB | L35: A320 | M35: A320 | N35: Complete | O35: a7858e
A36: 46289 | B36: B6 1952 | C36: JBU1952 | D36: MCO | E36: KMCO | F36: BOS | G36: KBOS | H36: 46289.039 | I36: 46289.136 | J36: =ROUND((I36-H36)*1440,0) -> 140 | K36: N3293J | L36: A220-300 | M36: BCS3 | N36: Complete | O36: a39289
A37: 46289 | B37: B6 1590 | C37: JBU1590 | D37: FLL | E37: KFLL | F37: CLE | G37: KCLE | H37: 46289.039 | I37: 46289.134 | J37: =ROUND((I37-H37)*1440,0) -> 137 | K37: N3280J | L37: A220-300 | M37: BCS3 | N37: Complete | O37: a38e69
A38: 46289 | B38: B6 2768 | C38: JBU2768 | D38: JFK | E38: KJFK | F38: CLE | G38: KCLE | H38: 46289.04 | I38: 46289.09 | J38: =ROUND((I38-H38)*1440,0) -> 73 | K38: N3269J | L38: A220-300 | M38: BCS3 | N38: Complete | O38: a38836
A39: 46289 | B39: B6 2186 | C39: JBU2186 | D39: PIT | E39: KPIT | F39: BOS | G39: KBOS | H39: 46289.04 | I39: 46289.506 | J39: =ROUND((I39-H39)*1440,0) -> 671 | K39: N3085J | L39: A220-300 | M39: BCS3 | N39: Complete | O39: a3401a
A40: 46289 | B40: B6 845 | C40: JBU845 | D40: BOS | E40: KBOS | F40: SYR | G40: KSYR | H40: 46289.04 | I40: 46289.075 | J40: =ROUND((I40-H40)*1440,0) -> 50 | K40: N3121J | L40: A220-300 | M40: BCS3 | N40: Complete | O40: a350c3
A41: 46289 | B41: B6 1798 | C41: JBU1798 | D41: FLL | E41: KFLL | F41: FLL | G41: KFLL | H41: 46289.041 | I41: 46289.043 | J41: =ROUND((I41-H41)*1440,0) -> 3 | K41: N3310J | L41: Unknown | N41: Complete | O41: a39be7
A42: 46289 | B42: B6 460 | C42: JBU460 | D42: FLL | E42: KFLL | F42: BDL | G42: KBDL | H42: 46289.042 | I42: 46289.143 | J42: =ROUND((I42-H42)*1440,0) -> 145 | K42: N784JB | L42: A320 | M42: A320 | N42: Landing inferred | O42: aaa02c
A43: 46289 | B43: B6 1798 | C43: JBU1798 | D43: FLL | E43: KFLL | F43: FXE | G43: KFXE | H43: 46289.043 | I43: 46289.045 | J43: =ROUND((I43-H43)*1440,0) -> 2 | K43: N3310J | L43: Unknown | N43: Complete | O43: a39be7
A44: 46289 | B44: B6 70 | C44: JBU70 | D44: FLL | E44: KFLL | F44: BOS | G44: KBOS | H44: 46289.043 | I44: 46289.156 | J44: =ROUND((I44-H44)*1440,0) -> 162 | K44: N637JB | L44: A320 | M44: A320 | N44: Complete | O44: a85887
A45: 46289 | B45: B6 376 | C45: JBU376 | D45: FLL | E45: KFLL | F45: PHL | G45: KPHL | H45: 46289.044 | I45: 46289.138 | J45: =ROUND((I45-H45)*1440,0) -> 135 | K45: N636JB | L45: A320 | M45: A320 | N45: Landing inferred | O45: a854d0
A46: 46289 | B46: B6 1798 | C46: JBU1798 | D46: FXE | E46: KFXE | H46: 46289.045 | I46: 46289.047 | J46: =ROUND((I46-H46)*1440,0) -> 3 | K46: N3310J | L46: Unknown | N46: Complete | O46: a39be7
A47: 46289 | B47: B6 159 | C47: JBU159 | D47: BOS | E47: KBOS | F47: PHL | G47: KPHL | H47: 46289.045 | I47: 46289.087 | J47: =ROUND((I47-H47)*1440,0) -> 60 | K47: N3322J | L47: Unknown | N47: Complete | O47: a39fe4
A48: 46289 | B48: B6 607 | C48: JBU607 | D48: FLL | E48: KFLL | F48: LAS | G48: KLAS | H48: 46289.045 | I48: 46289.235 | J48: =ROUND((I48-H48)*1440,0) -> 273 | K48: N976JT | L48: A321 | M48: A321 | N48: Complete | O48: ad9ac9
A49: 46289 | B49: B6 2779 | C49: JBU2779 | D49: FLL | E49: KFLL | F49: IAH | G49: KIAH | H49: 46289.047 | I49: 46289.142 | J49: =ROUND((I49-H49)*1440,0) -> 137 | K49: N705JB | L49: A320 | M49: A320 | N49: Landing inferred | O49: a967eb
A50: 46289 | B50: B6 1798 | C50: JBU1798 | H50: 46289.047 | I50: 46289.048 | J50: =ROUND((I50-H50)*1440,0) -> 2 | K50: N3310J | L50: Unknown | N50: Complete | O50: a39be7
A51: 46289 | B51: B6 515 | C51: JBU515 | D51: JFK | E51: KJFK | F51: SFO | G51: KSFO | H51: 46289.048 | I51: 46289.293 | J51: =ROUND((I51-H51)*1440,0) -> 353 | K51: N937JB | L51: A321 | M51: A321 | N51: Complete | O51: ad0074
A52: 46289 | B52: B6 1798 | C52: JBU1798 | H52: 46289.048 | I52: 46289.048 | J52: =ROUND((I52-H52)*1440,0) -> 0 | K52: N3310J | L52: Unknown | N52: Complete | O52: a39be7
A53: 46289 | B53: B6 1798 | C53: JBU1798 | H53: 46289.048 | I53: 46289.049 | J53: =ROUND((I53-H53)*1440,0) -> 1 | K53: N3310J | L53: Unknown | N53: Complete | O53: a39be7
A54: 46289 | B54: B6 1798 | C54: JBU1798 | H54: 46289.049 | I54: 46289.049 | J54: =ROUND((I54-H54)*1440,0) -> 0 | K54: N3310J | L54: Unknown | N54: Complete | O54: a39be7
A55: 46289 | B55: B6 1798 | C55: JBU1798 | H55: 46289.049 | I55: 46289.053 | J55: =ROUND((I55-H55)*1440,0) -> 6 | K55: N3310J | L55: Unknown | N55: Complete | O55: a39be7
A56: 46289 | B56: B6 400 | C56: JBU400 | D56: MSY | E56: KMSY | F56: BOS | G56: KBOS | H56: 46289.049 | I56: 46289.189 | J56: =ROUND((I56-H56)*1440,0) -> 202 | K56: N521JB | L56: A320 | M56: A320 | N56: Complete | O56: a68d6f
A57: 46289 | B57: B6 345 | C57: JBU345 | D57: BOS | E57: KBOS | F57: BCN | G57: LEBL | H57: 46289.049 | I57: 46289.328 | J57: =ROUND((I57-H57)*1440,0) -> 401 | K57: N4083J | L57: A321neo | M57: A21N | N57: Complete | O57: a4cd23
A58: 46289 | B58: B6 1798 | C58: JBU1798 | H58: 46289.053 | I58: 46289.054 | J58: =ROUND((I58-H58)*1440,0) -> 1 | K58: N3310J | L58: Unknown | N58: Complete | O58: a39be7
A59: 46289 | B59: B6 1798 | C59: JBU1798 | H59: 46289.054 | I59: 46289.055 | J59: =ROUND((I59-H59)*1440,0) -> 2 | K59: N3310J | L59: Unknown | N59: Complete | O59: a39be7
A60: 46289 | B60: B6 571 | C60: JBU571 | D60: LGA | E60: KLGA | F60: FLL | G60: KFLL | H60: 46289.054 | I60: 46289.165 | J60: =ROUND((I60-H60)*1440,0) -> 160 | K60: N828JB | L60: A320 | M60: A320 | N60: Complete | O60: ab4f5d
A61: 46289 | B61: B6 1798 | C61: JBU1798 | H61: 46289.055 | I61: 46289.056 | J61: =ROUND((I61-H61)*1440,0) -> 0 | K61: N3310J | L61: Unknown | N61: Complete | O61: a39be7
A62: 46289 | B62: B6 1798 | C62: JBU1798 | H62: 46289.056 | I62: 46289.056 | J62: =ROUND((I62-H62)*1440,0) -> 0 | K62: N3310J | L62: Unknown | N62: Complete | O62: a39be7
A63: 46289 | B63: B6 1798 | C63: JBU1798 | H63: 46289.056 | I63: 46289.056 | J63: =ROUND((I63-H63)*1440,0) -> 0 | K63: N3310J | L63: Unknown | N63: Complete | O63: a39be7
A64: 46289 | B64: B6 1798 | C64: JBU1798 | H64: 46289.056 | I64: 46289.058 | J64: =ROUND((I64-H64)*1440,0) -> 3 | K64: N3310J | L64: Unknown | N64: Complete | O64: a39be7
A65: 46289 | B65: B6 1337 | C65: JBU1337 | D65: BOS | E65: KBOS | F65: DTW | G65: KDTW | H65: 46289.057 | I65: 46289.121 | J65: =ROUND((I65-H65)*1440,0) -> 92 | K65: N3162J | L65: A220-300 | M65: BCS3 | N65: Complete | O65: a35fc2
A66: 46289 | B66: B6 2080 | C66: JBU2080 | D66: FLL | E66: KFLL | F66: DCA | G66: KDCA | H66: 46289.058 | I66: 46289.142 | J66: =ROUND((I66-H66)*1440,0) -> 121 | K66: N3149J | L66: A220-300 | M66: BCS3 | N66: Complete | O66: a35949
A67: 46289 | B67: B6 1798 | C67: JBU1798 | H67: 46289.058 | I67: 46289.059 | J67: =ROUND((I67-H67)*1440,0) -> 0 | K67: N3310J | L67: Unknown | N67: Complete | O67: a39be7
A68: 46289 | B68: B6 1798 | C68: JBU1798 | H68: 46289.059 | I68: 46289.059 | J68: =ROUND((I68-H68)*1440,0) -> 0 | K68: N3310J | L68: Unknown | N68: Complete | O68: a39be7
A69: 46289 | B69: B6 1798 | C69: JBU1798 | F69: MCO | G69: KMCO | H69: 46289.059 | I69: 46289.06 | J69: =ROUND((I69-H69)*1440,0) -> 1 | K69: N3310J | L69: Unknown | N69: Complete | O69: a39be7
A70: 46289 | B70: B6 1798 | C70: JBU1798 | D70: MCO | E70: KMCO | F70: MCO | G70: KMCO | H70: 46289.06 | I70: 46289.06 | J70: =ROUND((I70-H70)*1440,0) -> 0 | K70: N3310J | L70: Unknown | N70: Complete | O70: a39be7
A71: 46289 | B71: B6 2501 | C71: JBU2501 | D71: FLL | E71: KFLL | F71: LAX | G71: KLAX | H71: 46289.06 | I71: 46289.258 | J71: =ROUND((I71-H71)*1440,0) -> 285 | K71: N961JT | L71: A321 | M71: A321 | N71: Complete | O71: ad60b7
A72: 46289 | B72: B6 1798 | C72: JBU1798 | D72: MCO | E72: KMCO | H72: 46289.06 | I72: 46289.061 | J72: =ROUND((I72-H72)*1440,0) -> 2 | K72: N3310J | L72: Unknown | N72: Complete | O72: a39be7
A73: 46289 | B73: B6 1798 | C73: JBU1798 | H73: 46289.061 | I73: 46289.066 | J73: =ROUND((I73-H73)*1440,0) -> 8 | K73: N3310J | L73: Unknown | N73: Complete | O73: a39be7
A74: 46289 | B74: B6 18 | C74: JBU18 | D74: FLL | E74: KFLL | F74: JAX | G74: KJAX | H74: 46289.061 | I74: 46289.094 | J74: =ROUND((I74-H74)*1440,0) -> 47 | K74: N566JB | L74: A320 | M74: A320 | N74: Landing inferred | O74: a73dfe
A75: 46289 | B75: B6 462 | C75: JBU462 | F75: BOS | G75: KBOS | H75: 46289.066 | I75: 46289.104 | J75: =ROUND((I75-H75)*1440,0) -> 55 | K75: N588JB | L75: A320 | M75: A320 | N75: Complete | O75: a7946a
A76: 46289 | B76: B6 1798 | C76: JBU1798 | H76: 46289.066 | I76: 46289.067 | J76: =ROUND((I76-H76)*1440,0) -> 1 | K76: N3310J | L76: Unknown | N76: Complete | O76: a39be7
A77: 46289 | B77: B6 1798 | C77: JBU1798 | H77: 46289.067 | I77: 46289.068 | J77: =ROUND((I77-H77)*1440,0) -> 2 | K77: N3310J | L77: Unknown | N77: Complete | O77: a39be7
A78: 46289 | B78: B6 1798 | C78: JBU1798 | F78: NIP | G78: KNIP | H78: 46289.068 | I78: 46289.07 | J78: =ROUND((I78-H78)*1440,0) -> 2 | K78: N3310J | L78: Unknown | N78: Complete | O78: a39be7
A79: 46289 | B79: B6 2149 | C79: JBU2149 | D79: FLL | E79: KFLL | F79: CLT | G79: KCLT | H79: 46289.069 | I79: 46289.134 | J79: =ROUND((I79-H79)*1440,0) -> 94 | K79: N706JB | L79: A320 | M79: A320 | N79: Complete | O79: a96ba2
A80: 46289 | B80: B6 1223 | C80: JBU1223 | D80: JFK | E80: KJFK | F80: LAX | G80: KLAX | H80: 46289.069 | I80: 46289.303 | J80: =ROUND((I80-H80)*1440,0) -> 338 | K80: N982JB | L80: A321 | M80: A321 | N80: Complete | O80: adb35c
A81: 46289 | B81: B6 1966 | C81: JBU1966 | F81: JFK | G81: KJFK | H81: 46289.069 | I81: 46289.444 | J81: =ROUND((I81-H81)*1440,0) -> 540 | K81: N2047J | L81: A321neo | M81: A21N | N81: Complete | O81: a1a435
A82: 46289 | B82: B6 1798 | C82: JBU1798 | D82: NIP | E82: KNIP | H82: 46289.07 | I82: 46289.076 | J82: =ROUND((I82-H82)*1440,0) -> 8 | K82: N3310J | L82: Unknown | N82: Complete | O82: a39be7
A83: 46289 | B83: B6 863 | C83: JBU863 | D83: FLL | E83: KFLL | F83: ORD | G83: KORD | H83: 46289.073 | I83: 46289.191 | J83: =ROUND((I83-H83)*1440,0) -> 171 | K83: N583JB | L83: A320 | M83: A320 | N83: Complete | O83: a781d7
A84: 46289 | B84: B6 33 | C84: JBU33 | D84: BOS | E84: KBOS | F84: CDG | G84: LFPG | H84: 46289.075 | I84: 46289.333 | J84: =ROUND((I84-H84)*1440,0) -> 371 | K84: N4076J | L84: A321neo | M84: A21N | N84: Landing inferred | O84: a4c9d5
A85: 46289 | B85: B6 1798 | C85: JBU1798 | H85: 46289.076 | I85: 46289.083 | J85: =ROUND((I85-H85)*1440,0) -> 10 | K85: N3310J | L85: Unknown | N85: Complete | O85: a39be7
A86: 46289 | B86: B6 7 | C86: JBU7 | D86: JFK | E86: KJFK | F86: LHR | G86: EGLL | H86: 46289.077 | I86: 46289.345 | J86: =ROUND((I86-H86)*1440,0) -> 385 | K86: N4058J | L86: A321neo | M86: A21N | N86: Complete | O86: a4c2ad
A87: 46289 | B87: B6 841 | C87: JBU841 | D87: JFK | E87: KJFK | F87: DUB | G87: EIDW | H87: 46289.078 | I87: 46289.32 | J87: =ROUND((I87-H87)*1440,0) -> 348 | K87: N4074J | L87: A321neo | M87: A21N | N87: Complete | O87: a4c98f
A88: 46289 | B88: B6 1012 | C88: JBU1012 | D88: ORD | E88: KORD | F88: BOS | G88: KBOS | H88: 46289.08 | I88: 46289.164 | J88: =ROUND((I88-H88)*1440,0) -> 121 | K88: N3241J | L88: A220-300 | M88: BCS3 | N88: Complete | O88: a37fb0
A89: 46289 | B89: B6 73 | C89: JBU73 | D89: JFK | E89: KJFK | F89: EDI | G89: EGPH | H89: 46289.082 | I89: 46289.335 | J89: =ROUND((I89-H89)*1440,0) -> 365 | K89: N2199J | L89: A321neo | M89: A21N | N89: Complete | O89: a1de8d
A90: 46289 | B90: B6 1798 | C90: JBU1798 | H90: 46289.083 | I90: 46289.087 | J90: =ROUND((I90-H90)*1440,0) -> 6 | K90: N3310J | L90: Unknown | N90: Complete | O90: a39be7
A91: 46289 | B91: B6 206 | C91: JBU206 | D91: BOS | E91: KBOS | F91: PQI | G91: KPQI | H91: 46289.086 | I91: 46289.124 | J91: =ROUND((I91-H91)*1440,0) -> 54 | K91: N3077J | L91: A220-300 | M91: BCS3 | N91: Complete | O91: a33ca9
A92: 46289 | B92: B6 1854 | C92: JBU1854 | D92: DCA | E92: KDCA | F92: BOS | G92: KBOS | H92: 46289.087 | I92: 46289.13 | J92: =ROUND((I92-H92)*1440,0) -> 63 | K92: N3260J | L92: A220-300 | M92: BCS3 | N92: Complete | O92: a386fb
A93: 46289 | B93: B6 1798 | C93: JBU1798 | H93: 46289.087 | I93: 46289.091 | J93: =ROUND((I93-H93)*1440,0) -> 6 | K93: N3310J | L93: Unknown | N93: Complete | O93: a39be7
A94: 46289 | B94: B6 2823 | C94: JBU2823 | D94: FLL | E94: KFLL | F94: MSY | G94: KMSY | H94: 46289.088 | I94: 46289.159 | J94: =ROUND((I94-H94)*1440,0) -> 103 | K94: N615JB | L94: A320 | M94: A320 | N94: Complete | O94: a8021b
A95: 46289 | B95: B6 1798 | C95: JBU1798 | F95: ATL | G95: KATL | H95: 46289.091 | I95: 46289.103 | J95: =ROUND((I95-H95)*1440,0) -> 17 | K95: N3310J | L95: Unknown | N95: Complete | O95: a39be7
A96: 46289 | B96: B6 820 | C96: JBU820 | D96: JFK | E96: KJFK | F96: DTW | G96: KDTW | H96: 46289.093 | I96: 46289.148 | J96: =ROUND((I96-H96)*1440,0) -> 79 | K96: N520JB | L96: A320 | M96: A320 | N96: Complete | O96: a689b8
A97: 46289 | B97: B6 195 | C97: JBU195 | D97: HPN | E97: KHPN | F97: MCO | G97: KMCO | H97: 46289.096 | I97: 46289.195 | J97: =ROUND((I97-H97)*1440,0) -> 143 | K97: N608JB | L97: A320 | M97: A320 | N97: Complete | O97: a7e5c1
A98: 46289 | B98: B6 923 | C98: JBU923 | D98: JFK | E98: KJFK | F98: LAX | G98: KLAX | H98: 46289.103 | I98: 46289.323 | J98: =ROUND((I98-H98)*1440,0) -> 317 | K98: N991JT | L98: A321 | M98: A321 | N98: Complete | O98: add734
A99: 46289 | B99: B6 1902 | C99: JBU1902 | D99: FLL | E99: KFLL | F99: JFK | G99: KJFK | H99: 46289.103 | I99: 46289.192 | J99: =ROUND((I99-H99)*1440,0) -> 127 | K99: N995JL | L99: A321 | M99: A321 | N99: Complete | O99: ade609
A100: 46289 | B100: B6 1195 | C100: JBU1195 | D100: JFK | E100: KJFK | F100: PIT | G100: KPIT | H100: 46289.104 | I100: 46289.149 | J100: =ROUND((I100-H100)*1440,0) -> 65 | K100: N3139J | L100: A220-300 | M100: BCS3 | N100: Complete | O100: a35592
...

Sheet Summary
A1: JetBlue (B6) flights 2026-09-24 to 2026-09-26 (UTC departure date)
A3: Aircraft Type | B3: 2026-09-24 | C3: 2026-09-25 | D3: 2026-09-26 | E3: Total | F3: Unique Tails
A4: A220-300 | B4: =COUNTIFS(Flights!$A$2:$A$2331,DATEVALUE(B$3),Flights!$L$2:$L$2331,$A4) -> 190 | C4: =COUNTIFS(Flights!$A$2:$A$2331,DATEVALUE(C$3),Flights!$L$2:$L$2331,$A4) -> 204 | D4: =COUNTIFS(Flights!$A$2:$A$2331,DATEVALUE(D$3),Flights!$L$2:$L$2331,$A4) -> 179 | E4: =SUM(B4:D4) -> 573 | F4: 59
A5: A320 | B5: =COUNTIFS(Flights!$A$2:$A$2331,DATEVALUE(B$3),Flights!$L$2:$L$2331,$A5) -> 308 | C5: =COUNTIFS(Flights!$A$2:$A$2331,DATEVALUE(C$3),Flights!$L$2:$L$2331,$A5) -> 318 | D5: =COUNTIFS(Flights!$A$2:$A$2331,DATEVALUE(D$3),Flights!$L$2:$L$2331,$A5) -> 303 | E5: =SUM(B5:D5) -> 929 | F5: 111
A6: A321 | B6: =COUNTIFS(Flights!$A$2:$A$2331,DATEVALUE(B$3),Flights!$L$2:$L$2331,$A6) -> 148 | C6: =COUNTIFS(Flights!$A$2:$A$2331,DATEVALUE(C$3),Flights!$L$2:$L$2331,$A6) -> 147 | D6: =COUNTIFS(Flights!$A$2:$A$2331,DATEVALUE(D$3),Flights!$L$2:$L$2331,$A6) -> 134 | E6: =SUM(B6:D6) -> 429 | F6: 61
A7: A321neo | B7: =COUNTIFS(Flights!$A$2:$A$2331,DATEVALUE(B$3),Flights!$L$2:$L$2331,$A7) -> 66 | C7: =COUNTIFS(Flights!$A$2:$A$2331,DATEVALUE(C$3),Flights!$L$2:$L$2331,$A7) -> 63 | D7: =COUNTIFS(Flights!$A$2:$A$2331,DATEVALUE(D$3),Flights!$L$2:$L$2331,$A7) -> 63 | E7: =SUM(B7:D7) -> 192 | F7: 33
A8: Unknown | B8: =COUNTIFS(Flights!$A$2:$A$2331,DATEVALUE(B$3),Flights!$L$2:$L$2331,$A8) -> 46 | C8: =COUNTIFS(Flights!$A$2:$A$2331,DATEVALUE(C$3),Flights!$L$2:$L$2331,$A8) -> 16 | D8: =COUNTIFS(Flights!$A$2:$A$2331,DATEVALUE(D$3),Flights!$L$2:$L$2331,$A8) -> 145 | E8: =SUM(B8:D8) -> 207 | F8: 4
A9: Total | B9: =SUM(B4:B8) -> 758 | C9: =SUM(C4:C8) -> 748 | D9: =SUM(D4:D8) -> 824 | E9: =SUM(E4:E8) -> 2330
A11: Unique Tails = distinct registrations seen (computed by script).

Sheet Fleet
A1: Tail Number | B1: Aircraft Type | C1: ICAO Type | D1: Flights
A2: N3023J | B2: A220-300 | C2: BCS3 | D2: =COUNTIF(Flights!$K$2:$K$2331,A2) -> 9
A3: N3044J | B3: A220-300 | C3: BCS3 | D3: =COUNTIF(Flights!$K$2:$K$2331,A3) -> 6
A4: N3058J | B4: A220-300 | C4: BCS3 | D4: =COUNTIF(Flights!$K$2:$K$2331,A4) -> 10
A5: N3062J | B5: A220-300 | C5: BCS3 | D5: =COUNTIF(Flights!$K$2:$K$2331,A5) -> 4
A6: N3065J | B6: A220-300 | C6: BCS3 | D6: =COUNTIF(Flights!$K$2:$K$2331,A6) -> 12
A7: N3077J | B7: A220-300 | C7: BCS3 | D7: =COUNTIF(Flights!$K$2:$K$2331,A7) -> 15
A8: N3085J | B8: A220-300 | C8: BCS3 | D8: =COUNTIF(Flights!$K$2:$K$2331,A8) -> 10
A9: N3102J | B9: A220-300 | C9: BCS3 | D9: =COUNTIF(Flights!$K$2:$K$2331,A9) -> 9
A10: N3104J | B10: A220-300 | C10: BCS3 | D10: =COUNTIF(Flights!$K$2:$K$2331,A10) -> 7
A11: N3112J | B11: A220-300 | C11: BCS3 | D11: =COUNTIF(Flights!$K$2:$K$2331,A11) -> 10
A12: N3113J | B12: A220-300 | C12: BCS3 | D12: =COUNTIF(Flights!$K$2:$K$2331,A12) -> 13
A13: N3115J | B13: A220-300 | C13: BCS3 | D13: =COUNTIF(Flights!$K$2:$K$2331,A13) -> 11
... A265: N4083J | B265: A321neo | C265: A21N | D265: =COUNTIF(Flights!$K$2:$K$2331,A265) -> 7
A266: N3289J | B266: Unknown | D266: =COUNTIF(Flights!$K$2:$K$2331,A266) -> 12
A267: N3298J | B267: Unknown | D267: =COUNTIF(Flights!$K$2:$K$2331,A267) -> 8
A268: N3310J | B268: Unknown | D268: =COUNTIF(Flights!$K$2:$K$2331,A268) -> 174
A269: N3322J | B269: Unknown | D269: =COUNTIF(Flights!$K$2:$K$2331,A269) -> 13

Sheet Notes
A1: Sources
A2: ADS-B traces: adsb.lol globe_history daily archives (ODbL), github.com/adsblol
A3: Tail number and ICAO type: from adsb.lol aircraft database embedded in traces.
A4: Airports: OurAirports - nearest large/medium airport within 15 km of takeoff/landing.
A6: Caveats
A7: All times UTC. Departure = wheels-off, Arrival = touchdown (not gate times).
A8: Status: Complete = takeoff and landing seen; Landing inferred = signal lost low near airport;
A9: Signal lost = coverage gap at altitude (destination may be blank);
A10: Airborne at end of data = still flying when the last day's archive ended.
A11: Flights are included when the callsign starts with JBU (or no callsign on a JetBlue-owned aircraft).
A12: Generated 2026-09-27 18:13 local time.
